ID,type,http__www_w3_org_2004_02_skos_core_broader,http__www_w3_org_1999_02_22-rdf-syntax-ns_type,http__purl_org_dc_terms_description,http__www_w3_org_2004_02_skos_core_narrower,http__www_w3_org_2004_02_skos_core_inScheme,http__www_w3_org_2004_02_skos_core_member,http__www_w3_org_2004_02_skos_core_prefLabel
https://aphia.org/ns/traits/fossil_range#,collection,,,Chronostratigraphic range of an organism.,,,https://aphia.org/ns/traits/fossil_range#ectasian,
https://aphia.org/ns/traits/fossil_range#neogene,concept,https://aphia.org/ns/traits/fossil_range#cenozoic,https://aphia.org/ns/attribute-trait/Trait,,https://aphia.org/ns/traits/fossil_range#pliocene,https://aphia.org/ns/traits/,,neogene
https://aphia.org/ns/traits/fossil_range#paleozoic,concept,https://aphia.org/ns/traits/fossil_range#phanerozoic,https://aphia.org/ns/attribute-trait/Trait,,https://aphia.org/ns/traits/fossil_range#carboniferous,https://aphia.org/ns/traits/,,paleozoic
https://aphia.org/ns/traits/fossil_range#silurian,concept,https://aphia.org/ns/traits/fossil_range#paleozoic,https://aphia.org/ns/attribute-trait/Trait,,https://aphia.org/ns/traits/fossil_range#pridoli,https://aphia.org/ns/traits/,,silurian
https://aphia.org/ns/traits/fossil_range#ordovician_middle,concept,https://aphia.org/ns/traits/fossil_range#ordovician,https://aphia.org/ns/attribute-trait/Trait,,https://aphia.org/ns/traits/fossil_range#darriwilian,https://aphia.org/ns/traits/,,ordovician middle
https://aphia.org/ns/traits/fossil_range#katian,concept,https://aphia.org/ns/traits/fossil_range#ordovician_upper,https://aphia.org/ns/attribute-trait/Trait,,,https://aphia.org/ns/traits/,,katian
https://aphia.org/ns/traits/fossil_range#hettangian,concept,https://aphia.org/ns/traits/fossil_range#jurassic_lower,https://aphia.org/ns/attribute-trait/Trait,,,https://aphia.org/ns/traits/,,hettangian
https://aphia.org/ns/traits/fossil_range#stage_4,concept,https://aphia.org/ns/traits/fossil_range#series_2,https://aphia.org/ns/attribute-trait/Trait,,,https://aphia.org/ns/traits/,,stage 4
https://aphia.org/ns/traits/fossil_range#triassic_lower,concept,https://aphia.org/ns/traits/fossil_range#triassic,https://aphia.org/ns/attribute-trait/Trait,,https://aphia.org/ns/traits/fossil_range#olenekian,https://aphia.org/ns/traits/,,triassic lower
https://aphia.org/ns/traits/fossil_range#visean,concept,https://aphia.org/ns/traits/fossil_range#mississippian_middle,https://aphia.org/ns/attribute-trait/Trait,,,https://aphia.org/ns/traits/,,visean
https://aphia.org/ns/traits/fossil_range#miocene,concept,https://aphia.org/ns/traits/fossil_range#neogene,https://aphia.org/ns/attribute-trait/Trait,,https://aphia.org/ns/traits/fossil_range#tortonian,https://aphia.org/ns/traits/,,miocene
https://aphia.org/ns/traits/fossil_range#series_3,concept,https://aphia.org/ns/traits/fossil_range#cambrian,https://aphia.org/ns/attribute-trait/Trait,,https://aphia.org/ns/traits/fossil_range#drumian,https://aphia.org/ns/traits/,,series 3
https://aphia.org/ns/traits/fossil_range#pliensbachian,concept,https://aphia.org/ns/traits/fossil_range#jurassic_lower,https://aphia.org/ns/attribute-trait/Trait,,,https://aphia.org/ns/traits/,,pliensbachian
https://aphia.org/ns/traits/fossil_range#cisuralian,concept,https://aphia.org/ns/traits/fossil_range#permian,https://aphia.org/ns/attribute-trait/Trait,,https://aphia.org/ns/traits/fossil_range#kungurian,https://aphia.org/ns/traits/,,cisuralian
https://aphia.org/ns/traits/fossil_range#llandovery,concept,https://aphia.org/ns/traits/fossil_range#silurian,https://aphia.org/ns/attribute-trait/Trait,,https://aphia.org/ns/traits/fossil_range#rhuddanian,https://aphia.org/ns/traits/,,llandovery
https://aphia.org/ns/traits/fossil_range#oligocene,concept,https://aphia.org/ns/traits/fossil_range#paleogene,https://aphia.org/ns/attribute-trait/Trait,,https://aphia.org/ns/traits/fossil_range#rupelian,https://aphia.org/ns/traits/,,oligocene
https://aphia.org/ns/traits/fossil_range#ediacaran,concept,https://aphia.org/ns/traits/fossil_range#neoproterozoic,https://aphia.org/ns/attribute-trait/Trait,,,https://aphia.org/ns/traits/,,ediacaran
https://aphia.org/ns/traits/fossil_range#piacenzian,concept,https://aphia.org/ns/traits/fossil_range#pliocene,https://aphia.org/ns/attribute-trait/Trait,,,https://aphia.org/ns/traits/,,piacenzian
https://aphia.org/ns/traits/fossil_range#series_2,concept,https://aphia.org/ns/traits/fossil_range#cambrian,https://aphia.org/ns/attribute-trait/Trait,,https://aphia.org/ns/traits/fossil_range#stage_3,https://aphia.org/ns/traits/,,series 2
https://aphia.org/ns/traits/fossil_range#coniacian,concept,https://aphia.org/ns/traits/fossil_range#cretaceous_upper,https://aphia.org/ns/attribute-trait/Trait,,,https://aphia.org/ns/traits/,,coniacian
https://aphia.org/ns/traits/fossil_range#chattian,concept,https://aphia.org/ns/traits/fossil_range#oligocene,https://aphia.org/ns/attribute-trait/Trait,,,https://aphia.org/ns/traits/,,chattian
https://aphia.org/ns/traits/fossil_range#oxfordian,concept,https://aphia.org/ns/traits/fossil_range#jurassic_upper,https://aphia.org/ns/attribute-trait/Trait,,,https://aphia.org/ns/traits/,,oxfordian
https://aphia.org/ns/traits/fossil_range#pennsylvanian_upper,concept,https://aphia.org/ns/traits/fossil_range#pennsylvanian,https://aphia.org/ns/attribute-trait/Trait,,https://aphia.org/ns/traits/fossil_range#gzhelian,https://aphia.org/ns/traits/,,pennsylvanian upper
https://aphia.org/ns/traits/fossil_range#mississippian_upper,concept,https://aphia.org/ns/traits/fossil_range#mississippian,https://aphia.org/ns/attribute-trait/Trait,,https://aphia.org/ns/traits/fossil_range#serpukhovian,https://aphia.org/ns/traits/,,mississippian upper
https://aphia.org/ns/traits/fossil_range#givetian,concept,https://aphia.org/ns/traits/fossil_range#devonian_middle,https://aphia.org/ns/attribute-trait/Trait,,,https://aphia.org/ns/traits/,,givetian
https://aphia.org/ns/traits/fossil_range#ypresian,concept,https://aphia.org/ns/traits/fossil_range#eocene,https://aphia.org/ns/attribute-trait/Trait,,,https://aphia.org/ns/traits/,,ypresian
https://aphia.org/ns/traits/fossil_range#jurassic,concept,https://aphia.org/ns/traits/fossil_range#mesozoic,https://aphia.org/ns/attribute-trait/Trait,,https://aphia.org/ns/traits/fossil_range#jurassic_lower,https://aphia.org/ns/traits/,,jurassic
https://aphia.org/ns/traits/fossil_range#frasnian,concept,https://aphia.org/ns/traits/fossil_range#devonian_upper,https://aphia.org/ns/attribute-trait/Trait,,,https://aphia.org/ns/traits/,,frasnian
https://aphia.org/ns/traits/fossil_range#carboniferous,concept,https://aphia.org/ns/traits/fossil_range#paleozoic,https://aphia.org/ns/attribute-trait/Trait,,https://aphia.org/ns/traits/fossil_range#pennsylvanian,https://aphia.org/ns/traits/,,carboniferous
https://aphia.org/ns/traits/fossil_range#rhaetian,concept,https://aphia.org/ns/traits/fossil_range#triassic_upper,https://aphia.org/ns/attribute-trait/Trait,,,https://aphia.org/ns/traits/,,rhaetian
https://aphia.org/ns/traits/fossil_range#ordovician,concept,https://aphia.org/ns/traits/fossil_range#paleozoic,https://aphia.org/ns/attribute-trait/Trait,,https://aphia.org/ns/traits/fossil_range#ordovician_upper,https://aphia.org/ns/traits/,,ordovician
https://aphia.org/ns/traits/fossil_range#wuchiapingian,concept,https://aphia.org/ns/traits/fossil_range#lopingian,https://aphia.org/ns/attribute-trait/Trait,,,https://aphia.org/ns/traits/,,wuchiapingian
https://aphia.org/ns/traits/fossil_range#barremian,concept,https://aphia.org/ns/traits/fossil_range#cretaceous_lower,https://aphia.org/ns/attribute-trait/Trait,,,https://aphia.org/ns/traits/,,barremian
https://aphia.org/ns/traits/fossil_range#cretaceous,concept,https://aphia.org/ns/traits/fossil_range#mesozoic,https://aphia.org/ns/attribute-trait/Trait,,https://aphia.org/ns/traits/fossil_range#cretaceous_lower,https://aphia.org/ns/traits/,,cretaceous
https://aphia.org/ns/traits/fossil_range#sheinwoodian,concept,https://aphia.org/ns/traits/fossil_range#wenlock,https://aphia.org/ns/attribute-trait/Trait,,,https://aphia.org/ns/traits/,,sheinwoodian
https://aphia.org/ns/traits/fossil_range#quaternary,concept,https://aphia.org/ns/traits/fossil_range#cenozoic,https://aphia.org/ns/attribute-trait/Trait,,https://aphia.org/ns/traits/fossil_range#pleistocene,https://aphia.org/ns/traits/,,quaternary
https://aphia.org/ns/traits/fossil_range#floian,concept,https://aphia.org/ns/traits/fossil_range#ordovician_lower,https://aphia.org/ns/attribute-trait/Trait,,,https://aphia.org/ns/traits/,,floian
https://aphia.org/ns/traits/fossil_range#serpukhovian,concept,https://aphia.org/ns/traits/fossil_range#mississippian_upper,https://aphia.org/ns/attribute-trait/Trait,,,https://aphia.org/ns/traits/,,serpukhovian
https://aphia.org/ns/traits/fossil_range#fortunian,concept,https://aphia.org/ns/traits/fossil_range#terreneuvian,https://aphia.org/ns/attribute-trait/Trait,,,https://aphia.org/ns/traits/,,fortunian
https://aphia.org/ns/traits/fossil_range#hauterivian,concept,https://aphia.org/ns/traits/fossil_range#cretaceous_lower,https://aphia.org/ns/attribute-trait/Trait,,,https://aphia.org/ns/traits/,,hauterivian
https://aphia.org/ns/traits/fossil_range#cambrian,concept,https://aphia.org/ns/traits/fossil_range#paleozoic,https://aphia.org/ns/attribute-trait/Trait,,https://aphia.org/ns/traits/fossil_range#furongian,https://aphia.org/ns/traits/,,cambrian
https://aphia.org/ns/traits/fossil_range#phanerozoic,concept,,https://aphia.org/ns/attribute-trait/Trait,,https://aphia.org/ns/traits/fossil_range#mesozoic,https://aphia.org/ns/traits/,,phanerozoic
https://aphia.org/ns/traits/fossil_range#pragian,concept,https://aphia.org/ns/traits/fossil_range#devonian_lower,https://aphia.org/ns/attribute-trait/Trait,,,https://aphia.org/ns/traits/,,pragian
https://aphia.org/ns/traits/fossil_range#sinemurian,concept,https://aphia.org/ns/traits/fossil_range#jurassic_lower,https://aphia.org/ns/attribute-trait/Trait,,,https://aphia.org/ns/traits/,,sinemurian
https://aphia.org/ns/traits/fossil_range#mississippian_middle,concept,https://aphia.org/ns/traits/fossil_range#mississippian,https://aphia.org/ns/attribute-trait/Trait,,https://aphia.org/ns/traits/fossil_range#visean,https://aphia.org/ns/traits/,,mississippian middle
https://aphia.org/ns/traits/fossil_range#kimmeridgian,concept,https://aphia.org/ns/traits/fossil_range#jurassic_upper,https://aphia.org/ns/attribute-trait/Trait,,,https://aphia.org/ns/traits/,,kimmeridgian
https://aphia.org/ns/traits/fossil_range#statherian,concept,https://aphia.org/ns/traits/fossil_range#paleoproterozoic,https://aphia.org/ns/attribute-trait/Trait,,,https://aphia.org/ns/traits/,,statherian
https://aphia.org/ns/traits/fossil_range#wenlock,concept,https://aphia.org/ns/traits/fossil_range#silurian,https://aphia.org/ns/attribute-trait/Trait,,https://aphia.org/ns/traits/fossil_range#sheinwoodian,https://aphia.org/ns/traits/,,wenlock
https://aphia.org/ns/traits/fossil_range#selandian,concept,https://aphia.org/ns/traits/fossil_range#paleocene,https://aphia.org/ns/attribute-trait/Trait,,,https://aphia.org/ns/traits/,,selandian
https://aphia.org/ns/traits/fossil_range#jurassic_upper,concept,https://aphia.org/ns/traits/fossil_range#jurassic,https://aphia.org/ns/attribute-trait/Trait,,https://aphia.org/ns/traits/fossil_range#tithonian,https://aphia.org/ns/traits/,,jurassic upper
https://aphia.org/ns/traits/fossil_range#burdigalian,concept,https://aphia.org/ns/traits/fossil_range#miocene,https://aphia.org/ns/attribute-trait/Trait,,,https://aphia.org/ns/traits/,,burdigalian
https://aphia.org/ns/traits/fossil_range#aptian,concept,https://aphia.org/ns/traits/fossil_range#cretaceous_lower,https://aphia.org/ns/attribute-trait/Trait,,,https://aphia.org/ns/traits/,,aptian
https://aphia.org/ns/traits/fossil_range#callovian,concept,https://aphia.org/ns/traits/fossil_range#jurassic_middle,https://aphia.org/ns/attribute-trait/Trait,,,https://aphia.org/ns/traits/,,callovian
https://aphia.org/ns/traits/fossil_range#gzhelian,concept,https://aphia.org/ns/traits/fossil_range#pennsylvanian_upper,https://aphia.org/ns/attribute-trait/Trait,,,https://aphia.org/ns/traits/,,gzhelian
https://aphia.org/ns/traits/fossil_range#ectasian,concept,https://aphia.org/ns/traits/fossil_range#mesoproterozoic,https://aphia.org/ns/attribute-trait/Trait,,,https://aphia.org/ns/traits/,,ectasian
https://aphia.org/ns/traits/fossil_range#darriwilian,concept,https://aphia.org/ns/traits/fossil_range#ordovician_middle,https://aphia.org/ns/attribute-trait/Trait,,,https://aphia.org/ns/traits/,,darriwilian
https://aphia.org/ns/traits/fossil_range#paleogene,concept,https://aphia.org/ns/traits/fossil_range#cenozoic,https://aphia.org/ns/attribute-trait/Trait,,https://aphia.org/ns/traits/fossil_range#paleocene,https://aphia.org/ns/traits/,,paleogene
https://aphia.org/ns/traits/fossil_range#archaen,concept,,https://aphia.org/ns/attribute-trait/Trait,,https://aphia.org/ns/traits/fossil_range#mesoarchean,https://aphia.org/ns/traits/,,archaen
https://aphia.org/ns/traits/fossil_range#paleocene,concept,https://aphia.org/ns/traits/fossil_range#danian,https://aphia.org/ns/attribute-trait/Trait,,,https://aphia.org/ns/traits/,,paleocene
https://aphia.org/ns/traits/fossil_range#proterozoic,concept,,https://aphia.org/ns/attribute-trait/Trait,,https://aphia.org/ns/traits/fossil_range#mesoproterozoic,https://aphia.org/ns/traits/,,proterozoic
https://aphia.org/ns/traits/fossil_range#terreneuvian,concept,https://aphia.org/ns/traits/fossil_range#cambrian,https://aphia.org/ns/attribute-trait/Trait,,https://aphia.org/ns/traits/fossil_range#stage_2,https://aphia.org/ns/traits/,,terreneuvian
https://aphia.org/ns/traits/fossil_range#valanginian,concept,https://aphia.org/ns/traits/fossil_range#cretaceous_lower,https://aphia.org/ns/attribute-trait/Trait,,,https://aphia.org/ns/traits/,,valanginian
https://aphia.org/ns/traits/fossil_range#santonian,concept,https://aphia.org/ns/traits/fossil_range#cretaceous_upper,https://aphia.org/ns/attribute-trait/Trait,,,https://aphia.org/ns/traits/,,santonian
https://aphia.org/ns/traits/fossil_range#hirnantian,concept,https://aphia.org/ns/traits/fossil_range#ordovician_upper,https://aphia.org/ns/attribute-trait/Trait,,,https://aphia.org/ns/traits/,,hirnantian
https://aphia.org/ns/traits/fossil_range#bashkirian,concept,https://aphia.org/ns/traits/fossil_range#pennsylvanian_lower,https://aphia.org/ns/attribute-trait/Trait,,,https://aphia.org/ns/traits/,,bashkirian
https://aphia.org/ns/traits/fossil_range#orosirian,concept,https://aphia.org/ns/traits/fossil_range#paleoproterozoic,https://aphia.org/ns/attribute-trait/Trait,,,https://aphia.org/ns/traits/,,orosirian
https://aphia.org/ns/traits/fossil_range#neoproterozoic,concept,https://aphia.org/ns/traits/fossil_range#proterozoic,https://aphia.org/ns/attribute-trait/Trait,,https://aphia.org/ns/traits/fossil_range#ediacaran,https://aphia.org/ns/traits/,,neoproterozoic
https://aphia.org/ns/traits/fossil_range#stage_3,concept,https://aphia.org/ns/traits/fossil_range#series_2,https://aphia.org/ns/attribute-trait/Trait,,,https://aphia.org/ns/traits/,,stage 3
https://aphia.org/ns/traits/fossil_range#berriasian,concept,https://aphia.org/ns/traits/fossil_range#cretaceous_lower,https://aphia.org/ns/attribute-trait/Trait,,,https://aphia.org/ns/traits/,,berriasian
https://aphia.org/ns/traits/fossil_range#campanian,concept,https://aphia.org/ns/traits/fossil_range#cretaceous_upper,https://aphia.org/ns/attribute-trait/Trait,,,https://aphia.org/ns/traits/,,campanian
https://aphia.org/ns/traits/fossil_range#pennsylvanian_middle,concept,https://aphia.org/ns/traits/fossil_range#pennsylvanian,https://aphia.org/ns/attribute-trait/Trait,,https://aphia.org/ns/traits/fossil_range#moscovian,https://aphia.org/ns/traits/,,pennsylvanian middle
https://aphia.org/ns/traits/fossil_range#zanclean,concept,https://aphia.org/ns/traits/fossil_range#pliocene,https://aphia.org/ns/attribute-trait/Trait,,,https://aphia.org/ns/traits/,,zanclean
https://aphia.org/ns/traits/fossil_range#cenozoic,concept,https://aphia.org/ns/traits/fossil_range#phanerozoic,https://aphia.org/ns/attribute-trait/Trait,,https://aphia.org/ns/traits/fossil_range#paleogene,https://aphia.org/ns/traits/,,cenozoic
https://aphia.org/ns/traits/fossil_range#gorstian,concept,https://aphia.org/ns/traits/fossil_range#ludlow,https://aphia.org/ns/attribute-trait/Trait,,,https://aphia.org/ns/traits/,,gorstian
https://aphia.org/ns/traits/fossil_range#famennian,concept,https://aphia.org/ns/traits/fossil_range#devonian_upper,https://aphia.org/ns/attribute-trait/Trait,,,https://aphia.org/ns/traits/,,famennian
https://aphia.org/ns/traits/fossil_range#lutetian,concept,https://aphia.org/ns/traits/fossil_range#eocene,https://aphia.org/ns/attribute-trait/Trait,,,https://aphia.org/ns/traits/,,lutetian
https://aphia.org/ns/traits/fossil_range#bartonian,concept,https://aphia.org/ns/traits/fossil_range#eocene,https://aphia.org/ns/attribute-trait/Trait,,,https://aphia.org/ns/traits/,,bartonian
https://aphia.org/ns/traits/fossil_range#capitanian,concept,https://aphia.org/ns/traits/fossil_range#guadalupian,https://aphia.org/ns/attribute-trait/Trait,,,https://aphia.org/ns/traits/,,capitanian
https://aphia.org/ns/traits/fossil_range#tithonian,concept,https://aphia.org/ns/traits/fossil_range#jurassic_upper,https://aphia.org/ns/attribute-trait/Trait,,,https://aphia.org/ns/traits/,,tithonian
https://aphia.org/ns/traits/fossil_range#kasimovian,concept,https://aphia.org/ns/traits/fossil_range#pennsylvanian_upper,https://aphia.org/ns/attribute-trait/Trait,,,https://aphia.org/ns/traits/,,kasimovian
https://aphia.org/ns/traits/fossil_range#stage_5,concept,https://aphia.org/ns/traits/fossil_range#series_3,https://aphia.org/ns/attribute-trait/Trait,,,https://aphia.org/ns/traits/,,stage 5
https://aphia.org/ns/traits/fossil_range#stenian,concept,https://aphia.org/ns/traits/fossil_range#mesoproterozoic,https://aphia.org/ns/attribute-trait/Trait,,,https://aphia.org/ns/traits/,,stenian
https://aphia.org/ns/traits/fossil_range#triassic,concept,https://aphia.org/ns/traits/fossil_range#mesozoic,https://aphia.org/ns/attribute-trait/Trait,,https://aphia.org/ns/traits/fossil_range#triassic_upper,https://aphia.org/ns/traits/,,triassic
https://aphia.org/ns/traits/fossil_range#lopingian,concept,https://aphia.org/ns/traits/fossil_range#permian,https://aphia.org/ns/attribute-trait/Trait,,https://aphia.org/ns/traits/fossil_range#wuchiapingian,https://aphia.org/ns/traits/,,lopingian
https://aphia.org/ns/traits/fossil_range#toarcian,concept,https://aphia.org/ns/traits/fossil_range#jurassic_lower,https://aphia.org/ns/attribute-trait/Trait,,,https://aphia.org/ns/traits/,,toarcian
https://aphia.org/ns/traits/fossil_range#carnian,concept,https://aphia.org/ns/traits/fossil_range#triassic_upper,https://aphia.org/ns/attribute-trait/Trait,,,https://aphia.org/ns/traits/,,carnian
https://aphia.org/ns/traits/fossil_range#hadean,concept,,https://aphia.org/ns/attribute-trait/Trait,,,https://aphia.org/ns/traits/,,hadean
https://aphia.org/ns/traits/fossil_range#pleistocene,concept,https://aphia.org/ns/traits/fossil_range#quaternary,https://aphia.org/ns/attribute-trait/Trait,,https://aphia.org/ns/traits/fossil_range#calabrian,https://aphia.org/ns/traits/,,pleistocene
https://aphia.org/ns/traits/fossil_range#mesoproterozoic,concept,https://aphia.org/ns/traits/fossil_range#proterozoic,https://aphia.org/ns/attribute-trait/Trait,,https://aphia.org/ns/traits/fossil_range#ectasian,https://aphia.org/ns/traits/,,mesoproterozoic
https://aphia.org/ns/traits/fossil_range#ludlow,concept,https://aphia.org/ns/traits/fossil_range#silurian,https://aphia.org/ns/attribute-trait/Trait,,https://aphia.org/ns/traits/fossil_range#gorstian,https://aphia.org/ns/traits/,,ludlow
https://aphia.org/ns/traits/fossil_range#triassic_middle,concept,https://aphia.org/ns/traits/fossil_range#triassic,https://aphia.org/ns/attribute-trait/Trait,,https://aphia.org/ns/traits/fossil_range#ladinian,https://aphia.org/ns/traits/,,triassic middle
https://aphia.org/ns/traits/fossil_range#cryogenian,concept,https://aphia.org/ns/traits/fossil_range#neoproterozoic,https://aphia.org/ns/attribute-trait/Trait,,,https://aphia.org/ns/traits/,,cryogenian
https://aphia.org/ns/traits/fossil_range#aquitanian,concept,https://aphia.org/ns/traits/fossil_range#miocene,https://aphia.org/ns/attribute-trait/Trait,,,https://aphia.org/ns/traits/,,aquitanian
https://aphia.org/ns/traits/fossil_range#aalenian,concept,https://aphia.org/ns/traits/fossil_range#jurassic_middle,https://aphia.org/ns/attribute-trait/Trait,,,https://aphia.org/ns/traits/,,aalenian
https://aphia.org/ns/traits/fossil_range#jurassic_lower,concept,https://aphia.org/ns/traits/fossil_range#jurassic,https://aphia.org/ns/attribute-trait/Trait,,https://aphia.org/ns/traits/fossil_range#sinemurian,https://aphia.org/ns/traits/,,jurassic lower
https://aphia.org/ns/traits/fossil_range#gelasian,concept,https://aphia.org/ns/traits/fossil_range#pleistocene,https://aphia.org/ns/attribute-trait/Trait,,,https://aphia.org/ns/traits/,,gelasian
https://aphia.org/ns/traits/fossil_range#pridoli,concept,https://aphia.org/ns/traits/fossil_range#silurian,https://aphia.org/ns/attribute-trait/Trait,,,https://aphia.org/ns/traits/,,pridoli
https://aphia.org/ns/traits/fossil_range#paibian,concept,https://aphia.org/ns/traits/fossil_range#furongian,https://aphia.org/ns/attribute-trait/Trait,,,https://aphia.org/ns/traits/,,paibian
https://aphia.org/ns/traits/fossil_range#dapingian,concept,https://aphia.org/ns/traits/fossil_range#ordovician_middle,https://aphia.org/ns/attribute-trait/Trait,,,https://aphia.org/ns/traits/,,dapingian
https://aphia.org/ns/traits/fossil_range#devonian_middle,concept,https://aphia.org/ns/traits/fossil_range#devonian,https://aphia.org/ns/attribute-trait/Trait,,https://aphia.org/ns/traits/fossil_range#eifelian,https://aphia.org/ns/traits/,,devonian middle
https://aphia.org/ns/traits/fossil_range#pliocene,concept,https://aphia.org/ns/traits/fossil_range#neogene,https://aphia.org/ns/attribute-trait/Trait,,https://aphia.org/ns/traits/fossil_range#piacenzian,https://aphia.org/ns/traits/,,pliocene
https://aphia.org/ns/traits/fossil_range#jurassic_middle,concept,https://aphia.org/ns/traits/fossil_range#jurassic,https://aphia.org/ns/attribute-trait/Trait,,https://aphia.org/ns/traits/fossil_range#callovian,https://aphia.org/ns/traits/,,jurassic middle
https://aphia.org/ns/traits/fossil_range#paleoproterozoic,concept,https://aphia.org/ns/traits/fossil_range#proterozoic,https://aphia.org/ns/attribute-trait/Trait,,https://aphia.org/ns/traits/fossil_range#orosirian,https://aphia.org/ns/traits/,,paleoproterozoic
https://aphia.org/ns/traits/fossil_range#cretaceous_lower,concept,https://aphia.org/ns/traits/fossil_range#cretaceous,https://aphia.org/ns/attribute-trait/Trait,,https://aphia.org/ns/traits/fossil_range#valanginian,https://aphia.org/ns/traits/,,cretaceous lower
https://aphia.org/ns/traits/fossil_range#bathonian,concept,https://aphia.org/ns/traits/fossil_range#jurassic_middle,https://aphia.org/ns/attribute-trait/Trait,,,https://aphia.org/ns/traits/,,bathonian
https://aphia.org/ns/traits/fossil_range#mississippian,concept,https://aphia.org/ns/traits/fossil_range#carboniferous,https://aphia.org/ns/attribute-trait/Trait,,https://aphia.org/ns/traits/fossil_range#mississippian_upper,https://aphia.org/ns/traits/,,mississippian
https://aphia.org/ns/traits/fossil_range#maastrichtian,concept,https://aphia.org/ns/traits/fossil_range#cretaceous_upper,https://aphia.org/ns/attribute-trait/Trait,,,https://aphia.org/ns/traits/,,maastrichtian
https://aphia.org/ns/traits/fossil_range#bajocian,concept,https://aphia.org/ns/traits/fossil_range#jurassic_middle,https://aphia.org/ns/attribute-trait/Trait,,,https://aphia.org/ns/traits/,,bajocian
https://aphia.org/ns/traits/fossil_range#holocene,concept,https://aphia.org/ns/traits/fossil_range#quaternary,https://aphia.org/ns/attribute-trait/Trait,,,https://aphia.org/ns/traits/,,holocene
https://aphia.org/ns/traits/fossil_range#devonian_lower,concept,https://aphia.org/ns/traits/fossil_range#devonian,https://aphia.org/ns/attribute-trait/Trait,,https://aphia.org/ns/traits/fossil_range#pragian,https://aphia.org/ns/traits/,,devonian lower
https://aphia.org/ns/traits/fossil_range#priabonian,concept,https://aphia.org/ns/traits/fossil_range#eocene,https://aphia.org/ns/attribute-trait/Trait,,,https://aphia.org/ns/traits/,,priabonian
https://aphia.org/ns/traits/fossil_range#stage_2,concept,https://aphia.org/ns/traits/fossil_range#terreneuvian,https://aphia.org/ns/attribute-trait/Trait,,,https://aphia.org/ns/traits/,,stage 2
https://aphia.org/ns/traits/fossil_range#guadalupian,concept,https://aphia.org/ns/traits/fossil_range#permian,https://aphia.org/ns/attribute-trait/Trait,,https://aphia.org/ns/traits/fossil_range#capitanian,https://aphia.org/ns/traits/,,guadalupian
https://aphia.org/ns/traits/fossil_range#ordovician_upper,concept,https://aphia.org/ns/traits/fossil_range#ordovician,https://aphia.org/ns/attribute-trait/Trait,,https://aphia.org/ns/traits/fossil_range#katian,https://aphia.org/ns/traits/,,ordovician upper
https://aphia.org/ns/traits/fossil_range#eocene,concept,https://aphia.org/ns/traits/fossil_range#paleogene,https://aphia.org/ns/attribute-trait/Trait,,https://aphia.org/ns/traits/fossil_range#bartonian,https://aphia.org/ns/traits/,,eocene
https://aphia.org/ns/traits/fossil_range#eifelian,concept,https://aphia.org/ns/traits/fossil_range#devonian_middle,https://aphia.org/ns/attribute-trait/Trait,,,https://aphia.org/ns/traits/,,eifelian
https://aphia.org/ns/traits/fossil_range#pennsylvanian_lower,concept,https://aphia.org/ns/traits/fossil_range#pennsylvanian,https://aphia.org/ns/attribute-trait/Trait,,https://aphia.org/ns/traits/fossil_range#bashkirian,https://aphia.org/ns/traits/,,pennsylvanian lower
https://aphia.org/ns/traits/fossil_range#mesoarchean,concept,https://aphia.org/ns/traits/fossil_range#archaen,https://aphia.org/ns/attribute-trait/Trait,,,https://aphia.org/ns/traits/,,mesoarchean
https://aphia.org/ns/traits/fossil_range#wordian,concept,https://aphia.org/ns/traits/fossil_range#guadalupian,https://aphia.org/ns/attribute-trait/Trait,,,https://aphia.org/ns/traits/,,wordian
https://aphia.org/ns/traits/fossil_range#artinskian,concept,https://aphia.org/ns/traits/fossil_range#cisuralian,https://aphia.org/ns/attribute-trait/Trait,,,https://aphia.org/ns/traits/,,artinskian
https://aphia.org/ns/traits/fossil_range#pleistocene_middle,concept,https://aphia.org/ns/traits/fossil_range#pleistocene,https://aphia.org/ns/attribute-trait/Trait,,,https://aphia.org/ns/traits/,,pleistocene middle
https://aphia.org/ns/traits/fossil_range#albian,concept,https://aphia.org/ns/traits/fossil_range#cretaceous_lower,https://aphia.org/ns/attribute-trait/Trait,,,https://aphia.org/ns/traits/,,albian
https://aphia.org/ns/traits/fossil_range#ordovician_lower,concept,https://aphia.org/ns/traits/fossil_range#ordovician,https://aphia.org/ns/attribute-trait/Trait,,https://aphia.org/ns/traits/fossil_range#floian,https://aphia.org/ns/traits/,,ordovician lower
https://aphia.org/ns/traits/fossil_range#rhyacian,concept,https://aphia.org/ns/traits/fossil_range#paleoproterozoic,https://aphia.org/ns/attribute-trait/Trait,,,https://aphia.org/ns/traits/,,rhyacian
https://aphia.org/ns/traits/fossil_range#thanetian,concept,https://aphia.org/ns/traits/fossil_range#paleocene,https://aphia.org/ns/attribute-trait/Trait,,,https://aphia.org/ns/traits/,,thanetian
https://aphia.org/ns/traits/fossil_range#mississippian_lower,concept,https://aphia.org/ns/traits/fossil_range#mississippian,https://aphia.org/ns/attribute-trait/Trait,,https://aphia.org/ns/traits/fossil_range#tournaisian,https://aphia.org/ns/traits/,,mississippian lower
https://aphia.org/ns/traits/fossil_range#eoarchean,concept,https://aphia.org/ns/traits/fossil_range#archaen,https://aphia.org/ns/attribute-trait/Trait,,,https://aphia.org/ns/traits/,,eoarchean
https://aphia.org/ns/traits/fossil_range#stage_10,concept,https://aphia.org/ns/traits/fossil_range#furongian,https://aphia.org/ns/attribute-trait/Trait,,,https://aphia.org/ns/traits/,,stage 10
https://aphia.org/ns/traits/fossil_range#moscovian,concept,https://aphia.org/ns/traits/fossil_range#pennsylvanian_middle,https://aphia.org/ns/attribute-trait/Trait,,,https://aphia.org/ns/traits/,,moscovian
https://aphia.org/ns/traits/fossil_range#pleistocene_upper,concept,https://aphia.org/ns/traits/fossil_range#pleistocene,https://aphia.org/ns/attribute-trait/Trait,,,https://aphia.org/ns/traits/,,pleistocene upper
https://aphia.org/ns/traits/fossil_range#ludfordian,concept,https://aphia.org/ns/traits/fossil_range#ludlow,https://aphia.org/ns/attribute-trait/Trait,,,https://aphia.org/ns/traits/,,ludfordian
https://aphia.org/ns/traits/fossil_range#homerian,concept,https://aphia.org/ns/traits/fossil_range#wenlock,https://aphia.org/ns/attribute-trait/Trait,,,https://aphia.org/ns/traits/,,homerian
https://aphia.org/ns/traits/fossil_range#jiangshanian,concept,https://aphia.org/ns/traits/fossil_range#furongian,https://aphia.org/ns/attribute-trait/Trait,,,https://aphia.org/ns/traits/,,jiangshanian
https://aphia.org/ns/traits/fossil_range#guzhangian,concept,https://aphia.org/ns/traits/fossil_range#series_3,https://aphia.org/ns/attribute-trait/Trait,,,https://aphia.org/ns/traits/,,guzhangian
https://aphia.org/ns/traits/fossil_range#calabrian,concept,https://aphia.org/ns/traits/fossil_range#pleistocene,https://aphia.org/ns/attribute-trait/Trait,,,https://aphia.org/ns/traits/,,calabrian
https://aphia.org/ns/traits/fossil_range#paleoarchean,concept,https://aphia.org/ns/traits/fossil_range#archaen,https://aphia.org/ns/attribute-trait/Trait,,,https://aphia.org/ns/traits/,,paleoarchean
https://aphia.org/ns/traits/fossil_range#norian,concept,https://aphia.org/ns/traits/fossil_range#triassic_upper,https://aphia.org/ns/attribute-trait/Trait,,,https://aphia.org/ns/traits/,,norian
https://aphia.org/ns/traits/fossil_range#cretaceous_upper,concept,https://aphia.org/ns/traits/fossil_range#cretaceous,https://aphia.org/ns/attribute-trait/Trait,,https://aphia.org/ns/traits/fossil_range#turonian,https://aphia.org/ns/traits/,,cretaceous upper
https://aphia.org/ns/traits/fossil_range#siderian,concept,https://aphia.org/ns/traits/fossil_range#paleoproterozoic,https://aphia.org/ns/attribute-trait/Trait,,,https://aphia.org/ns/traits/,,siderian
https://aphia.org/ns/traits/fossil_range#calymmian,concept,https://aphia.org/ns/traits/fossil_range#mesoproterozoic,https://aphia.org/ns/attribute-trait/Trait,,,https://aphia.org/ns/traits/,,calymmian
https://aphia.org/ns/traits/fossil_range#tortonian,concept,https://aphia.org/ns/traits/fossil_range#miocene,https://aphia.org/ns/attribute-trait/Trait,,,https://aphia.org/ns/traits/,,tortonian
https://aphia.org/ns/traits/fossil_range#aeronian,concept,https://aphia.org/ns/traits/fossil_range#llandovery,https://aphia.org/ns/attribute-trait/Trait,,,https://aphia.org/ns/traits/,,aeronian
https://aphia.org/ns/traits/fossil_range#triassic_upper,concept,https://aphia.org/ns/traits/fossil_range#triassic,https://aphia.org/ns/attribute-trait/Trait,,https://aphia.org/ns/traits/fossil_range#norian,https://aphia.org/ns/traits/,,triassic upper
https://aphia.org/ns/traits/fossil_range#changhsingian,concept,https://aphia.org/ns/traits/fossil_range#lopingian,https://aphia.org/ns/attribute-trait/Trait,,,https://aphia.org/ns/traits/,,changhsingian
https://aphia.org/ns/traits/fossil_range#emsian,concept,https://aphia.org/ns/traits/fossil_range#devonian_lower,https://aphia.org/ns/attribute-trait/Trait,,,https://aphia.org/ns/traits/,,emsian
https://aphia.org/ns/traits/fossil_range#pennsylvanian,concept,https://aphia.org/ns/traits/fossil_range#carboniferous,https://aphia.org/ns/attribute-trait/Trait,,https://aphia.org/ns/traits/fossil_range#pennsylvanian_lower,https://aphia.org/ns/traits/,,pennsylvanian
https://aphia.org/ns/traits/fossil_range#mesozoic,concept,https://aphia.org/ns/traits/fossil_range#phanerozoic,https://aphia.org/ns/attribute-trait/Trait,,https://aphia.org/ns/traits/fossil_range#jurassic,https://aphia.org/ns/traits/,,mesozoic
https://aphia.org/ns/traits/fossil_range#tremadocian,concept,https://aphia.org/ns/traits/fossil_range#ordovician_lower,https://aphia.org/ns/attribute-trait/Trait,,,https://aphia.org/ns/traits/,,tremadocian
https://aphia.org/ns/traits/fossil_range#devonian,concept,https://aphia.org/ns/traits/fossil_range#paleozoic,https://aphia.org/ns/attribute-trait/Trait,,https://aphia.org/ns/traits/fossil_range#devonian_lower,https://aphia.org/ns/traits/,,devonian
https://aphia.org/ns/traits/fossil_range#danian,concept,https://aphia.org/ns/traits/fossil_range#paleocene,https://aphia.org/ns/attribute-trait/Trait,,,https://aphia.org/ns/traits/,,danian
https://aphia.org/ns/traits/fossil_range#lochkovian,concept,https://aphia.org/ns/traits/fossil_range#devonian_lower,https://aphia.org/ns/attribute-trait/Trait,,,https://aphia.org/ns/traits/,,lochkovian
https://aphia.org/ns/traits/fossil_range#ladinian,concept,https://aphia.org/ns/traits/fossil_range#triassic_middle,https://aphia.org/ns/attribute-trait/Trait,,,https://aphia.org/ns/traits/,,ladinian
https://aphia.org/ns/traits/fossil_range#drumian,concept,https://aphia.org/ns/traits/fossil_range#series_3,https://aphia.org/ns/attribute-trait/Trait,,,https://aphia.org/ns/traits/,,drumian
https://aphia.org/ns/traits/fossil_range#permian,concept,https://aphia.org/ns/traits/fossil_range#paleozoic,https://aphia.org/ns/attribute-trait/Trait,,https://aphia.org/ns/traits/fossil_range#cisuralian,https://aphia.org/ns/traits/,,permian
https://aphia.org/ns/traits/fossil_range#furongian,concept,https://aphia.org/ns/traits/fossil_range#cambrian,https://aphia.org/ns/attribute-trait/Trait,,https://aphia.org/ns/traits/fossil_range#paibian,https://aphia.org/ns/traits/,,furongian
https://aphia.org/ns/traits/fossil_range#serravallian,concept,https://aphia.org/ns/traits/fossil_range#miocene,https://aphia.org/ns/attribute-trait/Trait,,,https://aphia.org/ns/traits/,,serravallian
https://aphia.org/ns/traits/fossil_range#devonian_upper,concept,https://aphia.org/ns/traits/fossil_range#devonian,https://aphia.org/ns/attribute-trait/Trait,,https://aphia.org/ns/traits/fossil_range#famennian,https://aphia.org/ns/traits/,,devonian upper
https://aphia.org/ns/traits/fossil_range#asselian,concept,https://aphia.org/ns/traits/fossil_range#cisuralian,https://aphia.org/ns/attribute-trait/Trait,,,https://aphia.org/ns/traits/,,asselian
https://aphia.org/ns/traits/fossil_range#tournaisian,concept,https://aphia.org/ns/traits/fossil_range#mississippian_lower,https://aphia.org/ns/attribute-trait/Trait,,,https://aphia.org/ns/traits/,,tournaisian
https://aphia.org/ns/traits/fossil_range#olenekian,concept,https://aphia.org/ns/traits/fossil_range#triassic_lower,https://aphia.org/ns/attribute-trait/Trait,,,https://aphia.org/ns/traits/,,olenekian
https://aphia.org/ns/traits/fossil_range#telychian,concept,https://aphia.org/ns/traits/fossil_range#llandovery,https://aphia.org/ns/attribute-trait/Trait,,,https://aphia.org/ns/traits/,,telychian
https://aphia.org/ns/traits/fossil_range#cenomanian,concept,https://aphia.org/ns/traits/fossil_range#cretaceous_upper,https://aphia.org/ns/attribute-trait/Trait,,,https://aphia.org/ns/traits/,,cenomanian
https://aphia.org/ns/traits/fossil_range#tonian,concept,https://aphia.org/ns/traits/fossil_range#neoproterozoic,https://aphia.org/ns/attribute-trait/Trait,,,https://aphia.org/ns/traits/,,tonian
https://aphia.org/ns/traits/fossil_range#messinian,concept,https://aphia.org/ns/traits/fossil_range#miocene,https://aphia.org/ns/attribute-trait/Trait,,,https://aphia.org/ns/traits/,,messinian
https://aphia.org/ns/traits/fossil_range#turonian,concept,https://aphia.org/ns/traits/fossil_range#cretaceous_upper,https://aphia.org/ns/attribute-trait/Trait,,,https://aphia.org/ns/traits/,,turonian
https://aphia.org/ns/traits/fossil_range#sakmarian,concept,https://aphia.org/ns/traits/fossil_range#cisuralian,https://aphia.org/ns/attribute-trait/Trait,,,https://aphia.org/ns/traits/,,sakmarian
https://aphia.org/ns/traits/fossil_range#induan,concept,https://aphia.org/ns/traits/fossil_range#triassic_lower,https://aphia.org/ns/attribute-trait/Trait,,,https://aphia.org/ns/traits/,,induan
https://aphia.org/ns/traits/fossil_range#sandbian,concept,https://aphia.org/ns/traits/fossil_range#ordovician_upper,https://aphia.org/ns/attribute-trait/Trait,,,https://aphia.org/ns/traits/,,sandbian
https://aphia.org/ns/traits/fossil_range#neoarchean,concept,https://aphia.org/ns/traits/fossil_range#archaen,https://aphia.org/ns/attribute-trait/Trait,,,https://aphia.org/ns/traits/,,neoarchean
https://aphia.org/ns/traits/fossil_range#kungurian,concept,https://aphia.org/ns/traits/fossil_range#cisuralian,https://aphia.org/ns/attribute-trait/Trait,,,https://aphia.org/ns/traits/,,kungurian
https://aphia.org/ns/traits/fossil_range#roadian,concept,https://aphia.org/ns/traits/fossil_range#guadalupian,https://aphia.org/ns/attribute-trait/Trait,,,https://aphia.org/ns/traits/,,roadian
https://aphia.org/ns/traits/fossil_range#anisian,concept,https://aphia.org/ns/traits/fossil_range#triassic_middle,https://aphia.org/ns/attribute-trait/Trait,,,https://aphia.org/ns/traits/,,anisian
https://aphia.org/ns/traits/fossil_range#langhian,concept,https://aphia.org/ns/traits/fossil_range#miocene,https://aphia.org/ns/attribute-trait/Trait,,,https://aphia.org/ns/traits/,,langhian
https://aphia.org/ns/traits/fossil_range#rhuddanian,concept,https://aphia.org/ns/traits/fossil_range#llandovery,https://aphia.org/ns/attribute-trait/Trait,,,https://aphia.org/ns/traits/,,rhuddanian
https://aphia.org/ns/traits/fossil_range#rupelian,concept,https://aphia.org/ns/traits/fossil_range#oligocene,https://aphia.org/ns/attribute-trait/Trait,,,https://aphia.org/ns/traits/,,rupelian
